GS,id,par
G1S1,1,EX GUERRILLERO-ESTUDIANTE
G1S1,1,EX GUERRILLERO-VICTIMA
G1S1,1,TU-ESTUDIANTE
G1S1,1,TU-VICTIMA
G1S2,2,EX GUERRILLERO-ESTUDIANTE
G1S2,2,EX GUERRILLERO-EX PARAMILITAR
G1S2,2,TU-ESTUDIANTE
G1S2,2,TU-EX PARAMILITAR
G1S3,3,TU-ESTUDIANTE
G1S3,3,TU-VICTIMA
G1S3,3,VICTIMA-ESTUDIANTE
G1S3,3,VICTIMA-VICTIMA
G1S4,4,EX GUERRILLERO-ESTUDIANTE
G1S4,4,EX GUERRILLERO-EX PARAMILITAR
G1S4,4,TU-ESTUDIANTE
G1S4,4,TU-EX PARAMILITAR
G1S5,5,EX PARAMILITAR-ESTUDIANTE
G1S5,5,EX PARAMILITAR-EX GUERRILLERO
G1S5,5,TU-ESTUDIANTE
G1S5,5,TU-EX GUERRILLERO
G1S6,6,TU-ESTUDIANTE
G1S6,6,TU-VICTIMA
G1S6,6,VICTIMA-ESTUDIANTE
G1S6,6,VICTIMA-VICTIMA
G1S7,7,EX PARAMILITAR-ESTUDIANTE
G1S7,7,EX PARAMILITAR-EX GUERRILLERO
G1S7,7,TU-ESTUDIANTE
G1S7,7,TU-EX GUERRILLERO
G1S8,8,EX GUERRILLERO-ESTUDIANTE
G1S8,8,EX GUERRILLERO-VICTIMA
G1S8,8,TU-ESTUDIANTE
G1S8,8,TU-VICTIMA
G1S9,9,EX PARAMILITAR-ESTUDIANTE
G1S9,9,EX PARAMILITAR-EX PARAMILITAR
G1S9,9,TU-ESTUDIANTE
G1S9,9,TU-EX PARAMILITAR
G1S10,10,TU-ESTUDIANTE
G1S10,10,TU-EX GUERRILLERO
G1S10,10,VICTIMA-ESTUDIANTE
G1S10,10,VICTIMA-EX GUERRILLERO
G1S11,11,EX GUERRILLERO-ESTUDIANTE
G1S11,11,EX GUERRILLERO-EX GUERRILLERO
G1S11,11,TU-ESTUDIANTE
G1S11,11,TU-EX GUERRILLERO
G1S12,12,EX PARAMILITAR-ESTUDIANTE
G1S12,12,EX PARAMILITAR-VICTIMA
G1S12,12,TU-ESTUDIANTE
G1S12,12,TU-VICTIMA
G1S13,13,EX PARAMILITAR-ESTUDIANTE
G1S13,13,EX PARAMILITAR-EX GUERRILLERO
G1S13,13,TU-ESTUDIANTE
G1S13,13,TU-EX GUERRILLERO
G1S14,14,EX PARAMILITAR-ESTUDIANTE
G1S14,14,EX PARAMILITAR-EX GUERRILLERO
G1S14,14,TU-ESTUDIANTE
G1S14,14,TU-EX GUERRILLERO
G1S15,15,TU-ESTUDIANTE
G1S15,15,TU-VICTIMA
G1S15,15,VICTIMA-ESTUDIANTE
G1S15,15,VICTIMA-VICTIMA
G1S16,16,EX PARAMILITAR-ESTUDIANTE
G1S16,16,EX PARAMILITAR-EX PARAMILITAR
G1S16,16,TU-ESTUDIANTE
G1S16,16,TU-EX PARAMILITAR
G1S17,17,TU-ESTUDIANTE
G1S17,17,TU-EX PARAMILITAR
G1S17,17,VICTIMA-ESTUDIANTE
G1S17,17,VICTIMA-EX PARAMILITAR
G1S18,18,EX PARAMILITAR-ESTUDIANTE
G1S18,18,EX PARAMILITAR-VICTIMA
G1S18,18,TU-ESTUDIANTE
G1S18,18,TU-VICTIMA
G1S19,19,EX PARAMILITAR-ESTUDIANTE
G1S19,19,EX PARAMILITAR-EX PARAMILITAR
G1S19,19,TU-ESTUDIANTE
G1S19,19,TU-EX PARAMILITAR
G1S20,20,EX PARAMILITAR-ESTUDIANTE
G1S20,20,EX PARAMILITAR-EX GUERRILLERO
G1S20,20,TU-ESTUDIANTE
G1S20,20,TU-EX GUERRILLERO
G1S21,21,TU-ESTUDIANTE
G1S21,21,TU-EX GUERRILLERO
G1S21,21,VICTIMA-ESTUDIANTE
G1S21,21,VICTIMA-EX GUERRILLERO
G1S22,22,EX PARAMILITAR-ESTUDIANTE
G1S22,22,EX PARAMILITAR-VICTIMA
G1S22,22,TU-ESTUDIANTE
G1S22,22,TU-VICTIMA
G1S23,23,EX PARAMILITAR-ESTUDIANTE
G1S23,23,EX PARAMILITAR-EX GUERRILLERO
G1S23,23,TU-ESTUDIANTE
G1S23,23,TU-EX GUERRILLERO
G1S24,24,TU-ESTUDIANTE
G1S24,24,TU-VICTIMA
G1S24,24,VICTIMA-ESTUDIANTE
G1S24,24,VICTIMA-VICTIMA
G1S25,25,TU-ESTUDIANTE
G1S25,25,TU-EX GUERRILLERO
G1S25,25,VICTIMA-ESTUDIANTE
G1S25,25,VICTIMA-EX GUERRILLERO
G1S26,26,EX GUERRILLERO-ESTUDIANTE
G1S26,26,EX GUERRILLERO-EX GUERRILLERO
G1S26,26,TU-ESTUDIANTE
G1S26,26,TU-EX GUERRILLERO
G1S27,27,EX GUERRILLERO-ESTUDIANTE
G1S27,27,EX GUERRILLERO-VICTIMA
G1S27,27,TU-ESTUDIANTE
G1S27,27,TU-VICTIMA
G1S28,28,EX GUERRILLERO-ESTUDIANTE
G1S28,28,EX GUERRILLERO-EX PARAMILITAR
G1S28,28,TU-ESTUDIANTE
G1S28,28,TU-EX PARAMILITAR
G1S29,29,TU-ESTUDIANTE
G1S29,29,TU-VICTIMA
G1S29,29,VICTIMA-ESTUDIANTE
G1S29,29,VICTIMA-VICTIMA
G1S30,30,EX GUERRILLERO-ESTUDIANTE
G1S30,30,EX GUERRILLERO-EX PARAMILITAR
G1S30,30,TU-ESTUDIANTE
G1S30,30,TU-EX PARAMILITAR
G1S31,31,EX GUERRILLERO-ESTUDIANTE
G1S31,31,EX GUERRILLERO-EX PARAMILITAR
G1S31,31,TU-ESTUDIANTE
G1S31,31,TU-EX PARAMILITAR
G1S32,32,TU-ESTUDIANTE
G1S32,32,TU-VICTIMA
G1S32,32,VICTIMA-ESTUDIANTE
G1S32,32,VICTIMA-VICTIMA
G1S33,33,EX GUERRILLERO-ESTUDIANTE
G1S33,33,EX GUERRILLERO-EX PARAMILITAR
G1S33,33,TU-ESTUDIANTE
G1S33,33,TU-EX PARAMILITAR
G1S34,34,TU-ESTUDIANTE
G1S34,34,TU-EX PARAMILITAR
G1S34,34,VICTIMA-ESTUDIANTE
G1S34,34,VICTIMA-EX PARAMILITAR
G1S35,35,EX PARAMILITAR-ESTUDIANTE
G1S35,35,EX PARAMILITAR-EX GUERRILLERO
G1S35,35,TU-ESTUDIANTE
G1S35,35,TU-EX GUERRILLERO
G1S36,36,EX PARAMILITAR-ESTUDIANTE
G1S36,36,EX PARAMILITAR-EX PARAMILITAR
G1S36,36,TU-ESTUDIANTE
G1S36,36,TU-EX PARAMILITAR
G1S37,37,EX PARAMILITAR-ESTUDIANTE
G1S37,37,EX PARAMILITAR-VICTIMA
G1S37,37,TU-ESTUDIANTE
G1S37,37,TU-VICTIMA
G1S38,38,TU-ESTUDIANTE
G1S38,38,TU-EX PARAMILITAR
G1S38,38,VICTIMA-ESTUDIANTE
G1S38,38,VICTIMA-EX PARAMILITAR
G1S39,39,EX PARAMILITAR-ESTUDIANTE
G1S39,39,EX PARAMILITAR-EX GUERRILLERO
G1S39,39,TU-ESTUDIANTE
G1S39,39,TU-EX GUERRILLERO
G1S40,40,TU-ESTUDIANTE
G1S40,40,TU-VICTIMA
G1S40,40,VICTIMA-ESTUDIANTE
G1S40,40,VICTIMA-VICTIMA
G1S41,41,EX GUERRILLERO-ESTUDIANTE
G1S41,41,EX GUERRILLERO-VICTIMA
G1S41,41,TU-ESTUDIANTE
G1S41,41,TU-VICTIMA
G1S42,42,EX GUERRILLERO-ESTUDIANTE
G1S42,42,EX GUERRILLERO-EX GUERRILLERO
G1S42,42,TU-ESTUDIANTE
G1S42,42,TU-EX GUERRILLERO
G1S43,43,EX PARAMILITAR-ESTUDIANTE
G1S43,43,EX PARAMILITAR-EX PARAMILITAR
G1S43,43,TU-ESTUDIANTE
G1S43,43,TU-EX PARAMILITAR
G1S44,44,EX PARAMILITAR-ESTUDIANTE
G1S44,44,EX PARAMILITAR-VICTIMA
G1S44,44,TU-ESTUDIANTE
G1S44,44,TU-VICTIMA
G1S45,45,EX PARAMILITAR-ESTUDIANTE
G1S45,45,EX PARAMILITAR-EX PARAMILITAR
G1S45,45,TU-ESTUDIANTE
G1S45,45,TU-EX PARAMILITAR
G1S46,46,EX PARAMILITAR-ESTUDIANTE
G1S46,46,EX PARAMILITAR-VICTIMA
G1S46,46,TU-ESTUDIANTE
G1S46,46,TU-VICTIMA
G1S47,47,EX PARAMILITAR-ESTUDIANTE
G1S47,47,EX PARAMILITAR-VICTIMA
G1S47,47,TU-ESTUDIANTE
G1S47,47,TU-VICTIMA
G1S48,48,TU-ESTUDIANTE
G1S48,48,TU-EX GUERRILLERO
G1S48,48,VICTIMA-ESTUDIANTE
G1S48,48,VICTIMA-EX GUERRILLERO
G1S49,49,EX GUERRILLERO-ESTUDIANTE
G1S49,49,EX GUERRILLERO-EX GUERRILLERO
G1S49,49,TU-ESTUDIANTE
G1S49,49,TU-EX GUERRILLERO
G1S50,50,TU-ESTUDIANTE
G1S50,50,TU-VICTIMA
G1S50,50,VICTIMA-ESTUDIANTE
G1S50,50,VICTIMA-VICTIMA
G1S51,51,EX GUERRILLERO-ESTUDIANTE
G1S51,51,EX GUERRILLERO-EX GUERRILLERO
G1S51,51,TU-ESTUDIANTE
G1S51,51,TU-EX GUERRILLERO
G1S52,52,EX GUERRILLERO-ESTUDIANTE
G1S52,52,EX GUERRILLERO-VICTIMA
G1S52,52,TU-ESTUDIANTE
G1S52,52,TU-VICTIMA
G1S53,53,EX GUERRILLERO-ESTUDIANTE
G1S53,53,EX GUERRILLERO-VICTIMA
G1S53,53,TU-ESTUDIANTE
G1S53,53,TU-VICTIMA
G1S54,54,EX PARAMILITAR-ESTUDIANTE
G1S54,54,EX PARAMILITAR-EX GUERRILLERO
G1S54,54,TU-ESTUDIANTE
G1S54,54,TU-EX GUERRILLERO
G1S55,55,TU-ESTUDIANTE
G1S55,55,TU-EX PARAMILITAR
G1S55,55,VICTIMA-ESTUDIANTE
G1S55,55,VICTIMA-EX PARAMILITAR
G1S56,56,TU-ESTUDIANTE
G1S56,56,TU-EX PARAMILITAR
G1S56,56,VICTIMA-ESTUDIANTE
G1S56,56,VICTIMA-EX PARAMILITAR
G1S57,57,EX GUERRILLERO-ESTUDIANTE
G1S57,57,EX GUERRILLERO-EX GUERRILLERO
G1S57,57,TU-ESTUDIANTE
G1S57,57,TU-EX GUERRILLERO
G1S58,58,TU-ESTUDIANTE
G1S58,58,TU-EX PARAMILITAR
G1S58,58,VICTIMA-ESTUDIANTE
G1S58,58,VICTIMA-EX PARAMILITAR
G1S59,59,TU-ESTUDIANTE
G1S59,59,TU-VICTIMA
G1S59,59,VICTIMA-ESTUDIANTE
G1S59,59,VICTIMA-VICTIMA
G1S60,60,EX PARAMILITAR-ESTUDIANTE
G1S60,60,EX PARAMILITAR-EX PARAMILITAR
G1S60,60,TU-ESTUDIANTE
G1S60,60,TU-EX PARAMILITAR
G1S61,61,EX GUERRILLERO-ESTUDIANTE
G1S61,61,EX GUERRILLERO-VICTIMA
G1S61,61,TU-ESTUDIANTE
G1S61,61,TU-VICTIMA
G1S62,62,TU-ESTUDIANTE
G1S62,62,TU-VICTIMA
G1S62,62,VICTIMA-ESTUDIANTE
G1S62,62,VICTIMA-VICTIMA
G1S63,63,TU-ESTUDIANTE
G1S63,63,TU-EX PARAMILITAR
G1S63,63,VICTIMA-ESTUDIANTE
G1S63,63,VICTIMA-EX PARAMILITAR
G1S64,64,TU-ESTUDIANTE
G1S64,64,TU-VICTIMA
G1S64,64,VICTIMA-ESTUDIANTE
G1S64,64,VICTIMA-VICTIMA
G1S65,65,TU-ESTUDIANTE
G1S65,65,TU-EX PARAMILITAR
G1S65,65,VICTIMA-ESTUDIANTE
G1S65,65,VICTIMA-EX PARAMILITAR
G1S66,66,EX GUERRILLERO-ESTUDIANTE
G1S66,66,EX GUERRILLERO-EX PARAMILITAR
G1S66,66,TU-ESTUDIANTE
G1S66,66,TU-EX PARAMILITAR
G1S67,67,EX GUERRILLERO-ESTUDIANTE
G1S67,67,EX GUERRILLERO-EX GUERRILLERO
G1S67,67,TU-ESTUDIANTE
G1S67,67,TU-EX GUERRILLERO
G1S68,68,EX PARAMILITAR-ESTUDIANTE
G1S68,68,EX PARAMILITAR-EX PARAMILITAR
G1S68,68,TU-ESTUDIANTE
G1S68,68,TU-EX PARAMILITAR
G1S69,69,TU-ESTUDIANTE
G1S69,69,TU-EX PARAMILITAR
G1S69,69,VICTIMA-ESTUDIANTE
G1S69,69,VICTIMA-EX PARAMILITAR
G1S70,70,EX PARAMILITAR-ESTUDIANTE
G1S70,70,EX PARAMILITAR-VICTIMA
G1S70,70,TU-ESTUDIANTE
G1S70,70,TU-VICTIMA
G1S71,71,EX GUERRILLERO-ESTUDIANTE
G1S71,71,EX GUERRILLERO-EX GUERRILLERO
G1S71,71,TU-ESTUDIANTE
G1S71,71,TU-EX GUERRILLERO
G1S72,72,TU-ESTUDIANTE
G1S72,72,TU-EX GUERRILLERO
G1S72,72,VICTIMA-ESTUDIANTE
G1S72,72,VICTIMA-EX GUERRILLERO
G1S73,73,TU-ESTUDIANTE
G1S73,73,TU-EX GUERRILLERO
G1S73,73,VICTIMA-ESTUDIANTE
G1S73,73,VICTIMA-EX GUERRILLERO
G1S74,74,EX PARAMILITAR-ESTUDIANTE
G1S74,74,EX PARAMILITAR-EX GUERRILLERO
G1S74,74,TU-ESTUDIANTE
G1S74,74,TU-EX GUERRILLERO
G1S75,75,EX PARAMILITAR-ESTUDIANTE
G1S75,75,EX PARAMILITAR-EX PARAMILITAR
G1S75,75,TU-ESTUDIANTE
G1S75,75,TU-EX PARAMILITAR
G1S76,76,TU-ESTUDIANTE
G1S76,76,TU-VICTIMA
G1S76,76,VICTIMA-ESTUDIANTE
G1S76,76,VICTIMA-VICTIMA
G1S77,77,EX GUERRILLERO-ESTUDIANTE
G1S77,77,EX GUERRILLERO-VICTIMA
G1S77,77,TU-ESTUDIANTE
G1S77,77,TU-VICTIMA
G1S78,78,EX GUERRILLERO-ESTUDIANTE
G1S78,78,EX GUERRILLERO-EX GUERRILLERO
G1S78,78,TU-ESTUDIANTE
G1S78,78,TU-EX GUERRILLERO
G1S79,79,TU-ESTUDIANTE
G1S79,79,TU-VICTIMA
G1S79,79,VICTIMA-ESTUDIANTE
G1S79,79,VICTIMA-VICTIMA
G1S80,80,EX PARAMILITAR-ESTUDIANTE
G1S80,80,EX PARAMILITAR-VICTIMA
G1S80,80,TU-ESTUDIANTE
G1S80,80,TU-VICTIMA
G1S81,81,EX GUERRILLERO-ESTUDIANTE
G1S81,81,EX GUERRILLERO-EX PARAMILITAR
G1S81,81,TU-ESTUDIANTE
G1S81,81,TU-EX PARAMILITAR
G1S82,82,EX GUERRILLERO-ESTUDIANTE
G1S82,82,EX GUERRILLERO-EX GUERRILLERO
G1S82,82,TU-ESTUDIANTE
G1S82,82,TU-EX GUERRILLERO
G1S83,83,EX PARAMILITAR-ESTUDIANTE
G1S83,83,EX PARAMILITAR-EX GUERRILLERO
G1S83,83,TU-ESTUDIANTE
G1S83,83,TU-EX GUERRILLERO
G1S84,84,EX GUERRILLERO-ESTUDIANTE
G1S84,84,EX GUERRILLERO-EX PARAMILITAR
G1S84,84,TU-ESTUDIANTE
G1S84,84,TU-EX PARAMILITAR
G1S85,85,TU-ESTUDIANTE
G1S85,85,TU-EX GUERRILLERO
G1S85,85,VICTIMA-ESTUDIANTE
G1S85,85,VICTIMA-EX GUERRILLERO
G1S86,86,TU-ESTUDIANTE
G1S86,86,TU-EX GUERRILLERO
G1S86,86,VICTIMA-ESTUDIANTE
G1S86,86,VICTIMA-EX GUERRILLERO
G1S87,87,TU-ESTUDIANTE
G1S87,87,TU-VICTIMA
G1S87,87,VICTIMA-ESTUDIANTE
G1S87,87,VICTIMA-VICTIMA
G1S88,88,EX GUERRILLERO-ESTUDIANTE
G1S88,88,EX GUERRILLERO-EX GUERRILLERO
G1S88,88,TU-ESTUDIANTE
G1S88,88,TU-EX GUERRILLERO
G1S89,89,EX GUERRILLERO-ESTUDIANTE
G1S89,89,EX GUERRILLERO-EX GUERRILLERO
G1S89,89,TU-ESTUDIANTE
G1S89,89,TU-EX GUERRILLERO
G1S90,90,TU-ESTUDIANTE
G1S90,90,TU-EX PARAMILITAR
G1S90,90,VICTIMA-ESTUDIANTE
G1S90,90,VICTIMA-EX PARAMILITAR
G1S91,91,EX GUERRILLERO-ESTUDIANTE
G1S91,91,EX GUERRILLERO-VICTIMA
G1S91,91,TU-ESTUDIANTE
G1S91,91,TU-VICTIMA
G1S92,92,EX GUERRILLERO-ESTUDIANTE
G1S92,92,EX GUERRILLERO-EX GUERRILLERO
G1S92,92,TU-ESTUDIANTE
G1S92,92,TU-EX GUERRILLERO
G1S93,93,EX PARAMILITAR-ESTUDIANTE
G1S93,93,EX PARAMILITAR-EX GUERRILLERO
G1S93,93,TU-ESTUDIANTE
G1S93,93,TU-EX GUERRILLERO
G1S94,94,TU-ESTUDIANTE
G1S94,94,TU-EX PARAMILITAR
G1S94,94,VICTIMA-ESTUDIANTE
G1S94,94,VICTIMA-EX PARAMILITAR
G1S95,95,EX GUERRILLERO-ESTUDIANTE
G1S95,95,EX GUERRILLERO-EX PARAMILITAR
G1S95,95,TU-ESTUDIANTE
G1S95,95,TU-EX PARAMILITAR
G1S96,96,EX PARAMILITAR-ESTUDIANTE
G1S96,96,EX PARAMILITAR-EX PARAMILITAR
G1S96,96,TU-ESTUDIANTE
G1S96,96,TU-EX PARAMILITAR
G1S97,97,EX PARAMILITAR-ESTUDIANTE
G1S97,97,EX PARAMILITAR-EX GUERRILLERO
G1S97,97,TU-ESTUDIANTE
G1S97,97,TU-EX GUERRILLERO
G1S98,98,EX PARAMILITAR-ESTUDIANTE
G1S98,98,EX PARAMILITAR-EX GUERRILLERO
G1S98,98,TU-ESTUDIANTE
G1S98,98,TU-EX GUERRILLERO
G1S99,99,TU-ESTUDIANTE
G1S99,99,TU-EX PARAMILITAR
G1S99,99,VICTIMA-ESTUDIANTE
G1S99,99,VICTIMA-EX PARAMILITAR
G1S100,100,EX PARAMILITAR-ESTUDIANTE
G1S100,100,EX PARAMILITAR-EX PARAMILITAR
G1S100,100,TU-ESTUDIANTE
G1S100,100,TU-EX PARAMILITAR
G1S101,101,TU-ESTUDIANTE
G1S101,101,TU-EX GUERRILLERO
G1S101,101,VICTIMA-ESTUDIANTE
G1S101,101,VICTIMA-EX GUERRILLERO
G1S102,102,TU-ESTUDIANTE
G1S102,102,TU-VICTIMA
G1S102,102,VICTIMA-ESTUDIANTE
G1S102,102,VICTIMA-VICTIMA
G1S103,103,TU-ESTUDIANTE
G1S103,103,TU-VICTIMA
G1S103,103,VICTIMA-ESTUDIANTE
G1S103,103,VICTIMA-VICTIMA
G1S104,104,EX PARAMILITAR-ESTUDIANTE
G1S104,104,EX PARAMILITAR-EX PARAMILITAR
G1S104,104,TU-ESTUDIANTE
G1S104,104,TU-EX PARAMILITAR
G1S105,105,EX GUERRILLERO-ESTUDIANTE
G1S105,105,EX GUERRILLERO-EX GUERRILLERO
G1S105,105,TU-ESTUDIANTE
G1S105,105,TU-EX GUERRILLERO
G1S106,106,TU-ESTUDIANTE
G1S106,106,TU-EX GUERRILLERO
G1S106,106,VICTIMA-ESTUDIANTE
G1S106,106,VICTIMA-EX GUERRILLERO
G1S107,107,EX GUERRILLERO-ESTUDIANTE
G1S107,107,EX GUERRILLERO-EX GUERRILLERO
G1S107,107,TU-ESTUDIANTE
G1S107,107,TU-EX GUERRILLERO
G1S108,108,EX PARAMILITAR-ESTUDIANTE
G1S108,108,EX PARAMILITAR-VICTIMA
G1S108,108,TU-ESTUDIANTE
G1S108,108,TU-VICTIMA
G1S109,109,EX PARAMILITAR-ESTUDIANTE
G1S109,109,EX PARAMILITAR-VICTIMA
G1S109,109,TU-ESTUDIANTE
G1S109,109,TU-VICTIMA
G1S110,110,TU-ESTUDIANTE
G1S110,110,TU-EX GUERRILLERO
G1S110,110,VICTIMA-ESTUDIANTE
G1S110,110,VICTIMA-EX GUERRILLERO
G1S111,111,EX PARAMILITAR-ESTUDIANTE
G1S111,111,EX PARAMILITAR-EX GUERRILLERO
G1S111,111,TU-ESTUDIANTE
G1S111,111,TU-EX GUERRILLERO
G1S112,112,TU-ESTUDIANTE
G1S112,112,TU-EX GUERRILLERO
G1S112,112,VICTIMA-ESTUDIANTE
G1S112,112,VICTIMA-EX GUERRILLERO
G1S113,113,EX GUERRILLERO-ESTUDIANTE
G1S113,113,EX GUERRILLERO-EX PARAMILITAR
G1S113,113,TU-ESTUDIANTE
G1S113,113,TU-EX PARAMILITAR
G1S114,114,EX PARAMILITAR-ESTUDIANTE
G1S114,114,EX PARAMILITAR-EX GUERRILLERO
G1S114,114,TU-ESTUDIANTE
G1S114,114,TU-EX GUERRILLERO
G1S115,115,EX GUERRILLERO-ESTUDIANTE
G1S115,115,EX GUERRILLERO-EX GUERRILLERO
G1S115,115,TU-ESTUDIANTE
G1S115,115,TU-EX GUERRILLERO
G1S116,116,EX PARAMILITAR-ESTUDIANTE
G1S116,116,EX PARAMILITAR-VICTIMA
G1S116,116,TU-ESTUDIANTE
G1S116,116,TU-VICTIMA
G1S117,117,EX GUERRILLERO-ESTUDIANTE
G1S117,117,EX GUERRILLERO-VICTIMA
G1S117,117,TU-ESTUDIANTE
G1S117,117,TU-VICTIMA
G1S118,118,TU-ESTUDIANTE
G1S118,118,TU-EX PARAMILITAR
G1S118,118,VICTIMA-ESTUDIANTE
G1S118,118,VICTIMA-EX PARAMILITAR
G1S119,119,EX PARAMILITAR-ESTUDIANTE
G1S119,119,EX PARAMILITAR-EX PARAMILITAR
G1S119,119,TU-ESTUDIANTE
G1S119,119,TU-EX PARAMILITAR
G1S120,120,TU-ESTUDIANTE
G1S120,120,TU-EX PARAMILITAR
G1S120,120,VICTIMA-ESTUDIANTE
G1S120,120,VICTIMA-EX PARAMILITAR
G1S121,121,EX GUERRILLERO-ESTUDIANTE
G1S121,121,EX GUERRILLERO-VICTIMA
G1S121,121,TU-ESTUDIANTE
G1S121,121,TU-VICTIMA
G1S122,122,EX GUERRILLERO-ESTUDIANTE
G1S122,122,EX GUERRILLERO-EX PARAMILITAR
G1S122,122,TU-ESTUDIANTE
G1S122,122,TU-EX PARAMILITAR
G1S123,123,EX GUERRILLERO-ESTUDIANTE
G1S123,123,EX GUERRILLERO-EX PARAMILITAR
G1S123,123,TU-ESTUDIANTE
G1S123,123,TU-EX PARAMILITAR
G1S124,124,EX GUERRILLERO-ESTUDIANTE
G1S124,124,EX GUERRILLERO-VICTIMA
G1S124,124,TU-ESTUDIANTE
G1S124,124,TU-VICTIMA
G1S125,125,EX PARAMILITAR-ESTUDIANTE
G1S125,125,EX PARAMILITAR-VICTIMA
G1S125,125,TU-ESTUDIANTE
G1S125,125,TU-VICTIMA
G1S126,126,EX PARAMILITAR-ESTUDIANTE
G1S126,126,EX PARAMILITAR-EX PARAMILITAR
G1S126,126,TU-ESTUDIANTE
G1S126,126,TU-EX PARAMILITAR
G1S127,127,TU-ESTUDIANTE
G1S127,127,TU-EX GUERRILLERO
G1S127,127,VICTIMA-ESTUDIANTE
G1S127,127,VICTIMA-EX GUERRILLERO
G1S128,128,EX GUERRILLERO-ESTUDIANTE
G1S128,128,EX GUERRILLERO-VICTIMA
G1S128,128,TU-ESTUDIANTE
G1S128,128,TU-VICTIMA
G1S129,129,EX PARAMILITAR-ESTUDIANTE
G1S129,129,EX PARAMILITAR-VICTIMA
G1S129,129,TU-ESTUDIANTE
G1S129,129,TU-VICTIMA
G1S130,130,EX GUERRILLERO-ESTUDIANTE
G1S130,130,EX GUERRILLERO-VICTIMA
G1S130,130,TU-ESTUDIANTE
G1S130,130,TU-VICTIMA
G1S131,131,TU-ESTUDIANTE
G1S131,131,TU-EX PARAMILITAR
G1S131,131,VICTIMA-ESTUDIANTE
G1S131,131,VICTIMA-EX PARAMILITAR
G1S132,132,TU-ESTUDIANTE
G1S132,132,TU-EX GUERRILLERO
G1S132,132,VICTIMA-ESTUDIANTE
G1S132,132,VICTIMA-EX GUERRILLERO
G1S133,133,EX PARAMILITAR-ESTUDIANTE
G1S133,133,EX PARAMILITAR-VICTIMA
G1S133,133,TU-ESTUDIANTE
G1S133,133,TU-VICTIMA
G1S134,134,EX PARAMILITAR-ESTUDIANTE
G1S134,134,EX PARAMILITAR-VICTIMA
G1S134,134,TU-ESTUDIANTE
G1S134,134,TU-VICTIMA
G1S135,135,EX GUERRILLERO-ESTUDIANTE
G1S135,135,EX GUERRILLERO-VICTIMA
G1S135,135,TU-ESTUDIANTE
G1S135,135,TU-VICTIMA
G2S1,136,TU-ESTUDIANTE
G2S1,136,TU-EX GUERRILLERO
G2S1,136,VICTIMA-ESTUDIANTE
G2S1,136,VICTIMA-EX GUERRILLERO
G2S2,137,EX PARAMILITAR-ESTUDIANTE
G2S2,137,EX PARAMILITAR-EX GUERRILLERO
G2S2,137,TU-ESTUDIANTE
G2S2,137,TU-EX GUERRILLERO
G2S3,138,TU-ESTUDIANTE
G2S3,138,TU-VICTIMA
G2S3,138,VICTIMA-ESTUDIANTE
G2S3,138,VICTIMA-VICTIMA
G2S4,139,EX PARAMILITAR-ESTUDIANTE
G2S4,139,EX PARAMILITAR-EX GUERRILLERO
G2S4,139,TU-ESTUDIANTE
G2S4,139,TU-EX GUERRILLERO
G2S5,140,EX GUERRILLERO-ESTUDIANTE
G2S5,140,EX GUERRILLERO-EX PARAMILITAR
G2S5,140,TU-ESTUDIANTE
G2S5,140,TU-EX PARAMILITAR
G2S6,141,TU-ESTUDIANTE
G2S6,141,TU-VICTIMA
G2S6,141,VICTIMA-ESTUDIANTE
G2S6,141,VICTIMA-VICTIMA
G2S7,142,EX PARAMILITAR-ESTUDIANTE
G2S7,142,EX PARAMILITAR-EX GUERRILLERO
G2S7,142,TU-ESTUDIANTE
G2S7,142,TU-EX GUERRILLERO
G2S8,143,EX GUERRILLERO-ESTUDIANTE
G2S8,143,EX GUERRILLERO-VICTIMA
G2S8,143,TU-ESTUDIANTE
G2S8,143,TU-VICTIMA
G2S9,144,EX PARAMILITAR-ESTUDIANTE
G2S9,144,EX PARAMILITAR-EX PARAMILITAR
G2S9,144,TU-ESTUDIANTE
G2S9,144,TU-EX PARAMILITAR
G2S10,145,EX GUERRILLERO-ESTUDIANTE
G2S10,145,EX GUERRILLERO-VICTIMA
G2S10,145,TU-ESTUDIANTE
G2S10,145,TU-VICTIMA
G2S11,146,EX GUERRILLERO-ESTUDIANTE
G2S11,146,EX GUERRILLERO-EX GUERRILLERO
G2S11,146,TU-ESTUDIANTE
G2S11,146,TU-EX GUERRILLERO
G2S12,147,TU-ESTUDIANTE
G2S12,147,TU-EX PARAMILITAR
G2S12,147,VICTIMA-ESTUDIANTE
G2S12,147,VICTIMA-EX PARAMILITAR
G2S13,148,EX GUERRILLERO-ESTUDIANTE
G2S13,148,EX GUERRILLERO-EX PARAMILITAR
G2S13,148,TU-ESTUDIANTE
G2S13,148,TU-EX PARAMILITAR
G2S14,149,EX GUERRILLERO-ESTUDIANTE
G2S14,149,EX GUERRILLERO-EX PARAMILITAR
G2S14,149,TU-ESTUDIANTE
G2S14,149,TU-EX PARAMILITAR
G2S15,150,TU-ESTUDIANTE
G2S15,150,TU-VICTIMA
G2S15,150,VICTIMA-ESTUDIANTE
G2S15,150,VICTIMA-VICTIMA
G2S16,151,EX PARAMILITAR-ESTUDIANTE
G2S16,151,EX PARAMILITAR-EX PARAMILITAR
G2S16,151,TU-ESTUDIANTE
G2S16,151,TU-EX PARAMILITAR
G2S17,152,EX PARAMILITAR-ESTUDIANTE
G2S17,152,EX PARAMILITAR-VICTIMA
G2S17,152,TU-ESTUDIANTE
G2S17,152,TU-VICTIMA
G2S18,153,TU-ESTUDIANTE
G2S18,153,TU-EX PARAMILITAR
G2S18,153,VICTIMA-ESTUDIANTE
G2S18,153,VICTIMA-EX PARAMILITAR
G2S19,154,EX PARAMILITAR-ESTUDIANTE
G2S19,154,EX PARAMILITAR-EX PARAMILITAR
G2S19,154,TU-ESTUDIANTE
G2S19,154,TU-EX PARAMILITAR
G2S20,155,EX GUERRILLERO-ESTUDIANTE
G2S20,155,EX GUERRILLERO-EX PARAMILITAR
G2S20,155,TU-ESTUDIANTE
G2S20,155,TU-EX PARAMILITAR
G2S21,156,EX GUERRILLERO-ESTUDIANTE
G2S21,156,EX GUERRILLERO-VICTIMA
G2S21,156,TU-ESTUDIANTE
G2S21,156,TU-VICTIMA
G2S22,157,TU-ESTUDIANTE
G2S22,157,TU-EX PARAMILITAR
G2S22,157,VICTIMA-ESTUDIANTE
G2S22,157,VICTIMA-EX PARAMILITAR
G2S23,158,EX GUERRILLERO-ESTUDIANTE
G2S23,158,EX GUERRILLERO-EX PARAMILITAR
G2S23,158,TU-ESTUDIANTE
G2S23,158,TU-EX PARAMILITAR
G2S24,159,TU-ESTUDIANTE
G2S24,159,TU-VICTIMA
G2S24,159,VICTIMA-ESTUDIANTE
G2S24,159,VICTIMA-VICTIMA
G2S25,160,EX GUERRILLERO-ESTUDIANTE
G2S25,160,EX GUERRILLERO-VICTIMA
G2S25,160,TU-ESTUDIANTE
G2S25,160,TU-VICTIMA
G2S26,161,EX GUERRILLERO-ESTUDIANTE
G2S26,161,EX GUERRILLERO-EX GUERRILLERO
G2S26,161,TU-ESTUDIANTE
G2S26,161,TU-EX GUERRILLERO
G2S27,162,TU-ESTUDIANTE
G2S27,162,TU-EX GUERRILLERO
G2S27,162,VICTIMA-ESTUDIANTE
G2S27,162,VICTIMA-EX GUERRILLERO
G2S28,163,EX PARAMILITAR-ESTUDIANTE
G2S28,163,EX PARAMILITAR-EX GUERRILLERO
G2S28,163,TU-ESTUDIANTE
G2S28,163,TU-EX GUERRILLERO
G2S29,164,TU-ESTUDIANTE
G2S29,164,TU-VICTIMA
G2S29,164,VICTIMA-ESTUDIANTE
G2S29,164,VICTIMA-VICTIMA
G2S30,165,EX PARAMILITAR-ESTUDIANTE
G2S30,165,EX PARAMILITAR-EX GUERRILLERO
G2S30,165,TU-ESTUDIANTE
G2S30,165,TU-EX GUERRILLERO
G2S31,166,EX PARAMILITAR-ESTUDIANTE
G2S31,166,EX PARAMILITAR-EX GUERRILLERO
G2S31,166,TU-ESTUDIANTE
G2S31,166,TU-EX GUERRILLERO
G2S32,167,TU-ESTUDIANTE
G2S32,167,TU-VICTIMA
G2S32,167,VICTIMA-ESTUDIANTE
G2S32,167,VICTIMA-VICTIMA
G2S33,168,EX PARAMILITAR-ESTUDIANTE
G2S33,168,EX PARAMILITAR-EX GUERRILLERO
G2S33,168,TU-ESTUDIANTE
G2S33,168,TU-EX GUERRILLERO
G2S34,169,EX PARAMILITAR-ESTUDIANTE
G2S34,169,EX PARAMILITAR-EX PARAMILITAR
G2S34,169,TU-ESTUDIANTE
G2S34,169,TU-EX PARAMILITAR
G2S35,170,EX GUERRILLERO-ESTUDIANTE
G2S35,170,EX GUERRILLERO-EX PARAMILITAR
G2S35,170,TU-ESTUDIANTE
G2S35,170,TU-EX PARAMILITAR
G2S36,171,EX PARAMILITAR-ESTUDIANTE
G2S36,171,EX PARAMILITAR-EX PARAMILITAR
G2S36,171,TU-ESTUDIANTE
G2S36,171,TU-EX PARAMILITAR
G2S37,172,TU-ESTUDIANTE
G2S37,172,TU-EX PARAMILITAR
G2S37,172,VICTIMA-ESTUDIANTE
G2S37,172,VICTIMA-EX PARAMILITAR
G2S38,173,EX PARAMILITAR-ESTUDIANTE
G2S38,173,EX PARAMILITAR-VICTIMA
G2S38,173,TU-ESTUDIANTE
G2S38,173,TU-VICTIMA
G2S39,174,EX GUERRILLERO-ESTUDIANTE
G2S39,174,EX GUERRILLERO-EX PARAMILITAR
G2S39,174,TU-ESTUDIANTE
G2S39,174,TU-EX PARAMILITAR
G2S40,175,TU-ESTUDIANTE
G2S40,175,TU-VICTIMA
G2S40,175,VICTIMA-ESTUDIANTE
G2S40,175,VICTIMA-VICTIMA
G2S41,176,TU-ESTUDIANTE
G2S41,176,TU-EX GUERRILLERO
G2S41,176,VICTIMA-ESTUDIANTE
G2S41,176,VICTIMA-EX GUERRILLERO
G2S42,177,EX GUERRILLERO-ESTUDIANTE
G2S42,177,EX GUERRILLERO-EX GUERRILLERO
G2S42,177,TU-ESTUDIANTE
G2S42,177,TU-EX GUERRILLERO
G2S43,178,EX PARAMILITAR-ESTUDIANTE
G2S43,178,EX PARAMILITAR-EX PARAMILITAR
G2S43,178,TU-ESTUDIANTE
G2S43,178,TU-EX PARAMILITAR
G2S44,179,TU-ESTUDIANTE
G2S44,179,TU-EX PARAMILITAR
G2S44,179,VICTIMA-ESTUDIANTE
G2S44,179,VICTIMA-EX PARAMILITAR
G2S45,180,EX PARAMILITAR-ESTUDIANTE
G2S45,180,EX PARAMILITAR-EX PARAMILITAR
G2S45,180,TU-ESTUDIANTE
G2S45,180,TU-EX PARAMILITAR
G2S46,181,TU-ESTUDIANTE
G2S46,181,TU-EX PARAMILITAR
G2S46,181,VICTIMA-ESTUDIANTE
G2S46,181,VICTIMA-EX PARAMILITAR
G2S47,182,TU-ESTUDIANTE
G2S47,182,TU-EX PARAMILITAR
G2S47,182,VICTIMA-ESTUDIANTE
G2S47,182,VICTIMA-EX PARAMILITAR
G2S48,183,EX GUERRILLERO-ESTUDIANTE
G2S48,183,EX GUERRILLERO-VICTIMA
G2S48,183,TU-ESTUDIANTE
G2S48,183,TU-VICTIMA
G2S49,184,EX GUERRILLERO-ESTUDIANTE
G2S49,184,EX GUERRILLERO-EX GUERRILLERO
G2S49,184,TU-ESTUDIANTE
G2S49,184,TU-EX GUERRILLERO
G2S50,185,TU-ESTUDIANTE
G2S50,185,TU-VICTIMA
G2S50,185,VICTIMA-ESTUDIANTE
G2S50,185,VICTIMA-VICTIMA
G2S51,186,EX GUERRILLERO-ESTUDIANTE
G2S51,186,EX GUERRILLERO-EX GUERRILLERO
G2S51,186,TU-ESTUDIANTE
G2S51,186,TU-EX GUERRILLERO
G2S52,187,TU-ESTUDIANTE
G2S52,187,TU-EX GUERRILLERO
G2S52,187,VICTIMA-ESTUDIANTE
G2S52,187,VICTIMA-EX GUERRILLERO
G2S53,188,TU-ESTUDIANTE
G2S53,188,TU-EX GUERRILLERO
G2S53,188,VICTIMA-ESTUDIANTE
G2S53,188,VICTIMA-EX GUERRILLERO
G2S54,189,EX GUERRILLERO-ESTUDIANTE
G2S54,189,EX GUERRILLERO-EX PARAMILITAR
G2S54,189,TU-ESTUDIANTE
G2S54,189,TU-EX PARAMILITAR
G2S55,190,EX GUERRILLERO-ESTUDIANTE
G2S55,190,EX GUERRILLERO-EX PARAMILITAR
G2S55,190,TU-ESTUDIANTE
G2S55,190,TU-EX PARAMILITAR
G2S56,191,EX PARAMILITAR-ESTUDIANTE
G2S56,191,EX PARAMILITAR-VICTIMA
G2S56,191,TU-ESTUDIANTE
G2S56,191,TU-VICTIMA
G2S57,192,EX GUERRILLERO-ESTUDIANTE
G2S57,192,EX GUERRILLERO-EX GUERRILLERO
G2S57,192,TU-ESTUDIANTE
G2S57,192,TU-EX GUERRILLERO
G2S58,193,EX PARAMILITAR-ESTUDIANTE
G2S58,193,EX PARAMILITAR-VICTIMA
G2S58,193,TU-ESTUDIANTE
G2S58,193,TU-VICTIMA
G2S59,194,TU-ESTUDIANTE
G2S59,194,TU-VICTIMA
G2S59,194,VICTIMA-ESTUDIANTE
G2S59,194,VICTIMA-VICTIMA
G2S60,195,EX PARAMILITAR-ESTUDIANTE
G2S60,195,EX PARAMILITAR-EX PARAMILITAR
G2S60,195,TU-ESTUDIANTE
G2S60,195,TU-EX PARAMILITAR
G2S61,196,TU-ESTUDIANTE
G2S61,196,TU-EX GUERRILLERO
G2S61,196,VICTIMA-ESTUDIANTE
G2S61,196,VICTIMA-EX GUERRILLERO
G2S62,197,TU-ESTUDIANTE
G2S62,197,TU-VICTIMA
G2S62,197,VICTIMA-ESTUDIANTE
G2S62,197,VICTIMA-VICTIMA
G2S63,198,EX PARAMILITAR-ESTUDIANTE
G2S63,198,EX PARAMILITAR-VICTIMA
G2S63,198,TU-ESTUDIANTE
G2S63,198,TU-VICTIMA
G2S64,199,TU-ESTUDIANTE
G2S64,199,TU-EX GUERRILLERO
G2S64,199,VICTIMA-ESTUDIANTE
G2S64,199,VICTIMA-EX GUERRILLERO
G2S65,200,EX PARAMILITAR-ESTUDIANTE
G2S65,200,EX PARAMILITAR-VICTIMA
G2S65,200,TU-ESTUDIANTE
G2S65,200,TU-VICTIMA
G2S66,201,EX PARAMILITAR-ESTUDIANTE
G2S66,201,EX PARAMILITAR-EX GUERRILLERO
G2S66,201,TU-ESTUDIANTE
G2S66,201,TU-EX GUERRILLERO
G2S67,202,EX GUERRILLERO-ESTUDIANTE
G2S67,202,EX GUERRILLERO-EX GUERRILLERO
G2S67,202,TU-ESTUDIANTE
G2S67,202,TU-EX GUERRILLERO
G2S68,203,EX PARAMILITAR-ESTUDIANTE
G2S68,203,EX PARAMILITAR-EX PARAMILITAR
G2S68,203,TU-ESTUDIANTE
G2S68,203,TU-EX PARAMILITAR
G2S69,204,EX PARAMILITAR-ESTUDIANTE
G2S69,204,EX PARAMILITAR-VICTIMA
G2S69,204,TU-ESTUDIANTE
G2S69,204,TU-VICTIMA
G2S70,205,EX PARAMILITAR-ESTUDIANTE
G2S70,205,EX PARAMILITAR-VICTIMA
G2S70,205,TU-ESTUDIANTE
G2S70,205,TU-VICTIMA
G2S71,206,EX GUERRILLERO-ESTUDIANTE
G2S71,206,EX GUERRILLERO-EX GUERRILLERO
G2S71,206,TU-ESTUDIANTE
G2S71,206,TU-EX GUERRILLERO
G2S72,207,EX GUERRILLERO-ESTUDIANTE
G2S72,207,EX GUERRILLERO-VICTIMA
G2S72,207,TU-ESTUDIANTE
G2S72,207,TU-VICTIMA
G2S73,208,EX GUERRILLERO-ESTUDIANTE
G2S73,208,EX GUERRILLERO-VICTIMA
G2S73,208,TU-ESTUDIANTE
G2S73,208,TU-VICTIMA
G2S74,209,EX GUERRILLERO-ESTUDIANTE
G2S74,209,EX GUERRILLERO-EX PARAMILITAR
G2S74,209,TU-ESTUDIANTE
G2S74,209,TU-EX PARAMILITAR
G2S75,210,EX PARAMILITAR-ESTUDIANTE
G2S75,210,EX PARAMILITAR-EX PARAMILITAR
G2S75,210,TU-ESTUDIANTE
G2S75,210,TU-EX PARAMILITAR
G2S76,211,TU-ESTUDIANTE
G2S76,211,TU-VICTIMA
G2S76,211,VICTIMA-ESTUDIANTE
G2S76,211,VICTIMA-VICTIMA
G2S77,212,TU-ESTUDIANTE
G2S77,212,TU-EX GUERRILLERO
G2S77,212,VICTIMA-ESTUDIANTE
G2S77,212,VICTIMA-EX GUERRILLERO
G2S78,213,EX GUERRILLERO-ESTUDIANTE
G2S78,213,EX GUERRILLERO-EX GUERRILLERO
G2S78,213,TU-ESTUDIANTE
G2S78,213,TU-EX GUERRILLERO
G2S79,214,TU-ESTUDIANTE
G2S79,214,TU-VICTIMA
G2S79,214,VICTIMA-ESTUDIANTE
G2S79,214,VICTIMA-VICTIMA
G2S80,215,TU-ESTUDIANTE
G2S80,215,TU-EX PARAMILITAR
G2S80,215,VICTIMA-ESTUDIANTE
G2S80,215,VICTIMA-EX PARAMILITAR
G2S81,216,EX PARAMILITAR-ESTUDIANTE
G2S81,216,EX PARAMILITAR-EX GUERRILLERO
G2S81,216,TU-ESTUDIANTE
G2S81,216,TU-EX GUERRILLERO
G2S82,217,EX GUERRILLERO-ESTUDIANTE
G2S82,217,EX GUERRILLERO-EX GUERRILLERO
G2S82,217,TU-ESTUDIANTE
G2S82,217,TU-EX GUERRILLERO
G2S83,218,EX PARAMILITAR-ESTUDIANTE
G2S83,218,EX PARAMILITAR-EX PARAMILITAR
G2S83,218,TU-ESTUDIANTE
G2S83,218,TU-EX PARAMILITAR
G2S84,219,EX PARAMILITAR-ESTUDIANTE
G2S84,219,EX PARAMILITAR-EX GUERRILLERO
G2S84,219,TU-ESTUDIANTE
G2S84,219,TU-EX GUERRILLERO
G2S85,220,EX GUERRILLERO-ESTUDIANTE
G2S85,220,EX GUERRILLERO-VICTIMA
G2S85,220,TU-ESTUDIANTE
G2S85,220,TU-VICTIMA
G2S86,221,EX GUERRILLERO-ESTUDIANTE
G2S86,221,EX GUERRILLERO-VICTIMA
G2S86,221,TU-ESTUDIANTE
G2S86,221,TU-VICTIMA
G2S87,222,TU-ESTUDIANTE
G2S87,222,TU-VICTIMA
G2S87,222,VICTIMA-ESTUDIANTE
G2S87,222,VICTIMA-VICTIMA
G2S88,223,EX PARAMILITAR-ESTUDIANTE
G2S88,223,EX PARAMILITAR-EX GUERRILLERO
G2S88,223,TU-ESTUDIANTE
G2S88,223,TU-EX GUERRILLERO
G2S89,224,EX GUERRILLERO-ESTUDIANTE
G2S89,224,EX GUERRILLERO-EX GUERRILLERO
G2S89,224,TU-ESTUDIANTE
G2S89,224,TU-EX GUERRILLERO
G2S90,225,EX PARAMILITAR-ESTUDIANTE
G2S90,225,EX PARAMILITAR-VICTIMA
G2S90,225,TU-ESTUDIANTE
G2S90,225,TU-VICTIMA
G2S91,226,TU-ESTUDIANTE
G2S91,226,TU-EX GUERRILLERO
G2S91,226,VICTIMA-ESTUDIANTE
G2S91,226,VICTIMA-EX GUERRILLERO
G2S92,227,EX GUERRILLERO-ESTUDIANTE
G2S92,227,EX GUERRILLERO-EX GUERRILLERO
G2S92,227,TU-ESTUDIANTE
G2S92,227,TU-EX GUERRILLERO
G2S93,228,EX GUERRILLERO-ESTUDIANTE
G2S93,228,EX GUERRILLERO-EX PARAMILITAR
G2S93,228,TU-ESTUDIANTE
G2S93,228,TU-EX PARAMILITAR
G2S94,229,EX PARAMILITAR-ESTUDIANTE
G2S94,229,EX PARAMILITAR-VICTIMA
G2S94,229,TU-ESTUDIANTE
G2S94,229,TU-VICTIMA
G2S95,230,EX PARAMILITAR-ESTUDIANTE
G2S95,230,EX PARAMILITAR-EX GUERRILLERO
G2S95,230,TU-ESTUDIANTE
G2S95,230,TU-EX GUERRILLERO
G2S96,231,EX PARAMILITAR-ESTUDIANTE
G2S96,231,EX PARAMILITAR-EX PARAMILITAR
G2S96,231,TU-ESTUDIANTE
G2S96,231,TU-EX PARAMILITAR
G2S97,232,EX GUERRILLERO-ESTUDIANTE
G2S97,232,EX GUERRILLERO-EX PARAMILITAR
G2S97,232,TU-ESTUDIANTE
G2S97,232,TU-EX PARAMILITAR
G2S98,233,EX GUERRILLERO-ESTUDIANTE
G2S98,233,EX GUERRILLERO-EX PARAMILITAR
G2S98,233,TU-ESTUDIANTE
G2S98,233,TU-EX PARAMILITAR
G2S99,234,EX PARAMILITAR-ESTUDIANTE
G2S99,234,EX PARAMILITAR-VICTIMA
G2S99,234,TU-ESTUDIANTE
G2S99,234,TU-VICTIMA
G2S100,235,EX PARAMILITAR-ESTUDIANTE
G2S100,235,EX PARAMILITAR-EX PARAMILITAR
G2S100,235,TU-ESTUDIANTE
G2S100,235,TU-EX PARAMILITAR
G2S101,236,EX GUERRILLERO-ESTUDIANTE
G2S101,236,EX GUERRILLERO-VICTIMA
G2S101,236,TU-ESTUDIANTE
G2S101,236,TU-VICTIMA
G2S102,237,TU-ESTUDIANTE
G2S102,237,TU-VICTIMA
G2S102,237,VICTIMA-ESTUDIANTE
G2S102,237,VICTIMA-VICTIMA
G2S103,238,TU-ESTUDIANTE
G2S103,238,TU-VICTIMA
G2S103,238,VICTIMA-ESTUDIANTE
G2S103,238,VICTIMA-VICTIMA
G2S104,239,EX PARAMILITAR-ESTUDIANTE
G2S104,239,EX PARAMILITAR-EX PARAMILITAR
G2S104,239,TU-ESTUDIANTE
G2S104,239,TU-EX PARAMILITAR
G2S105,240,EX GUERRILLERO-ESTUDIANTE
G2S105,240,EX GUERRILLERO-EX GUERRILLERO
G2S105,240,TU-ESTUDIANTE
G2S105,240,TU-EX GUERRILLERO
G2S106,241,EX GUERRILLERO-ESTUDIANTE
G2S106,241,EX GUERRILLERO-VICTIMA
G2S106,241,TU-ESTUDIANTE
G2S106,241,TU-VICTIMA
G2S107,242,EX GUERRILLERO-ESTUDIANTE
G2S107,242,EX GUERRILLERO-EX GUERRILLERO
G2S107,242,TU-ESTUDIANTE
G2S107,242,TU-EX GUERRILLERO
G2S108,243,TU-ESTUDIANTE
G2S108,243,TU-EX PARAMILITAR
G2S108,243,VICTIMA-ESTUDIANTE
G2S108,243,VICTIMA-EX PARAMILITAR
G2S109,244,TU-ESTUDIANTE
G2S109,244,TU-EX PARAMILITAR
G2S109,244,VICTIMA-ESTUDIANTE
G2S109,244,VICTIMA-EX PARAMILITAR
G2S110,245,EX GUERRILLERO-ESTUDIANTE
G2S110,245,EX GUERRILLERO-VICTIMA
G2S110,245,TU-ESTUDIANTE
G2S110,245,TU-VICTIMA
G2S111,246,EX GUERRILLERO-ESTUDIANTE
G2S111,246,EX GUERRILLERO-EX PARAMILITAR
G2S111,246,TU-ESTUDIANTE
G2S111,246,TU-EX PARAMILITAR
G2S112,247,EX GUERRILLERO-ESTUDIANTE
G2S112,247,EX GUERRILLERO-VICTIMA
G2S112,247,TU-ESTUDIANTE
G2S112,247,TU-VICTIMA
G2S113,248,EX PARAMILITAR-ESTUDIANTE
G2S113,248,EX PARAMILITAR-EX GUERRILLERO
G2S113,248,TU-ESTUDIANTE
G2S113,248,TU-EX GUERRILLERO
G2S114,249,EX GUERRILLERO-ESTUDIANTE
G2S114,249,EX GUERRILLERO-EX PARAMILITAR
G2S114,249,TU-ESTUDIANTE
G2S114,249,TU-EX PARAMILITAR
G2S115,250,EX GUERRILLERO-ESTUDIANTE
G2S115,250,EX GUERRILLERO-EX GUERRILLERO
G2S115,250,TU-ESTUDIANTE
G2S115,250,TU-EX GUERRILLERO
G2S116,251,TU-ESTUDIANTE
G2S116,251,TU-EX PARAMILITAR
G2S116,251,VICTIMA-ESTUDIANTE
G2S116,251,VICTIMA-EX PARAMILITAR
G2S117,252,TU-ESTUDIANTE
G2S117,252,TU-EX GUERRILLERO
G2S117,252,VICTIMA-ESTUDIANTE
G2S117,252,VICTIMA-EX GUERRILLERO
G2S118,253,EX PARAMILITAR-ESTUDIANTE
G2S118,253,EX PARAMILITAR-VICTIMA
G2S118,253,TU-ESTUDIANTE
G2S118,253,TU-VICTIMA
G2S119,254,EX PARAMILITAR-ESTUDIANTE
G2S119,254,EX PARAMILITAR-EX PARAMILITAR
G2S119,254,TU-ESTUDIANTE
G2S119,254,TU-EX PARAMILITAR
G2S120,255,EX PARAMILITAR-ESTUDIANTE
G2S120,255,EX PARAMILITAR-VICTIMA
G2S120,255,TU-ESTUDIANTE
G2S120,255,TU-VICTIMA
G2S121,256,TU-ESTUDIANTE
G2S121,256,TU-EX GUERRILLERO
G2S121,256,VICTIMA-ESTUDIANTE
G2S121,256,VICTIMA-EX GUERRILLERO
G2S122,257,EX PARAMILITAR-ESTUDIANTE
G2S122,257,EX PARAMILITAR-EX GUERRILLERO
G2S122,257,TU-ESTUDIANTE
G2S122,257,TU-EX GUERRILLERO
G2S123,258,EX PARAMILITAR-ESTUDIANTE
G2S123,258,EX PARAMILITAR-EX GUERRILLERO
G2S123,258,TU-ESTUDIANTE
G2S123,258,TU-EX GUERRILLERO
G2S124,259,TU-ESTUDIANTE
G2S124,259,TU-EX GUERRILLERO
G2S124,259,VICTIMA-ESTUDIANTE
G2S124,259,VICTIMA-EX GUERRILLERO
G2S125,260,TU-ESTUDIANTE
G2S125,260,TU-EX PARAMILITAR
G2S125,260,VICTIMA-ESTUDIANTE
G2S125,260,VICTIMA-EX PARAMILITAR
G2S126,261,EX PARAMILITAR-ESTUDIANTE
G2S126,261,EX PARAMILITAR-EX PARAMILITAR
G2S126,261,TU-ESTUDIANTE
G2S126,261,TU-EX PARAMILITAR
G2S127,262,EX GUERRILLERO-ESTUDIANTE
G2S127,262,EX GUERRILLERO-VICTIMA
G2S127,262,TU-ESTUDIANTE
G2S127,262,TU-VICTIMA
G2S128,263,TU-ESTUDIANTE
G2S128,263,TU-EX GUERRILLERO
G2S128,263,VICTIMA-ESTUDIANTE
G2S128,263,VICTIMA-EX GUERRILLERO
G2S129,264,TU-ESTUDIANTE
G2S129,264,TU-EX PARAMILITAR
G2S129,264,VICTIMA-ESTUDIANTE
G2S129,264,VICTIMA-EX PARAMILITAR
G2S130,265,TU-ESTUDIANTE
G2S130,265,TU-EX GUERRILLERO
G2S130,265,VICTIMA-ESTUDIANTE
G2S130,265,VICTIMA-EX GUERRILLERO
G2S131,266,EX PARAMILITAR-ESTUDIANTE
G2S131,266,EX PARAMILITAR-VICTIMA
G2S131,266,TU-ESTUDIANTE
G2S131,266,TU-VICTIMA
G2S132,267,EX GUERRILLERO-ESTUDIANTE
G2S132,267,EX GUERRILLERO-VICTIMA
G2S132,267,TU-ESTUDIANTE
G2S132,267,TU-VICTIMA
G2S133,268,TU-ESTUDIANTE
G2S133,268,TU-EX PARAMILITAR
G2S133,268,VICTIMA-ESTUDIANTE
G2S133,268,VICTIMA-EX PARAMILITAR
G2S134,269,TU-ESTUDIANTE
G2S134,269,TU-EX PARAMILITAR
G2S134,269,VICTIMA-ESTUDIANTE
G2S134,269,VICTIMA-EX PARAMILITAR
G2S135,270,TU-ESTUDIANTE
G2S135,270,TU-EX GUERRILLERO
G2S135,270,VICTIMA-ESTUDIANTE
G2S135,270,VICTIMA-EX GUERRILLERO
